species,island,sex,culmen_length_mm,culmen_depth_mm,flipper_length_mm,body_mass_g
Adelie,Dream,FEMALE,47.78295101978387,15.718311110150365,185.24972142671487,3446.3301398684603
Adelie,Biscoe,MALE,46.184923499783686,15.967014237617803,202.38002039831633,4508.884360208179
Gentoo,Dream,FEMALE,48.594448811472404,16.931174387662534,193.52220969045274,4260.192049353893
Gentoo,Biscoe,MALE,34.165982559939444,14.848701651455384,190.9601407541331,5211.941275744311
Adelie,Dream,MALE,38.87104097537479,19.167939339266013,214.6926460028076,2540.673384171615
Gentoo,Torgersen,MALE,38.27562362775357,17.6136464782209,203.65352120199455,3231.5100048611685
Gentoo,Dream,MALE,35.19054012314879,18.159808283499093,201.28354517532438,3464.986623154588
Adelie,Torgersen,MALE,48.55746829739347,14.793996574106078,207.65638573902686,4727.480398985283
Adelie,Torgersen,FEMALE,33.523948135155365,18.695573134513666,191.66688848290394,3857.981663675416
Adelie,Biscoe,MALE,41.54825987440701,19.483211148633224,236.55392846757442,3829.2169600218026
Adelie,Dream,MALE,41.370368311644924,18.91246732208751,231.11726325626478,5028.537777246086
Adelie,Dream,MALE,38.241088772446986,18.412341242283727,186.05078747110028,3869.6449290162354
Adelie,Dream,FEMALE,50.1390042571739,16.791030092520383,215.89015035424464,3733.969424625992
Gentoo,Biscoe,MALE,37.874764675087626,17.324280737952723,181.2961728975788,4473.835786283856
Adelie,Biscoe,MALE,39.243430679798465,13.35941733817827,185.1128044184805,4881.35893043974
Adelie,Torgersen,FEMALE,42.05567562114381,18.78184493521532,229.65097853961856,3908.360284562554
Adelie,Biscoe,MALE,45.06430386283801,16.242467757252776,174.50794575518336,5842.916728922176
Chinstrap,Dream,MALE,43.223246670487036,14.703750760718796,194.42353934615318,3038.849471096143
Adelie,Biscoe,MALE,46.98759829893999,18.910833473998473,182.91994054517724,3127.832610699614
Adelie,Biscoe,MALE,47.40370574156561,17.738351882320433,224.67004092827628,3312.4244236717577
Adelie,Dream,FEMALE,41.48142403950411,18.388677254003465,210.72842120970898,4171.800182473006
Gentoo,Torgersen,FEMALE,51.08439879489236,17.130469694191483,211.90485925839891,5521.453649349922
Adelie,Biscoe,FEMALE,45.12056356951315,19.041618912994185,193.65514582462635,4104.67154294415
Gentoo,Dream,MALE,41.31194110451813,17.709424757100983,170.5787266110977,4645.495211929994
Chinstrap,Biscoe,MALE,50.17836619916994,19.707253952813634,200.9425210585734,3374.3814999697406
Adelie,Biscoe,FEMALE,48.94429333134002,19.3856902271026,186.9644838096203,4214.764905702933
Adelie,Biscoe,MALE,52.95105995435267,21.078785345089713,188.1311565578241,3453.846418707506
Gentoo,Dream,MALE,36.49971818363294,14.48963632128086,197.39338059601764,3186.4856357180693
Adelie,Biscoe,MALE,39.34586801135613,17.238791948333372,219.45543157964485,4726.3429251771795
Gentoo,Dream,MALE,39.702840808045096,20.490616100819608,176.85979995930614,3870.6281649179095
Adelie,Dream,FEMALE,44.20217500730297,20.154220235252744,220.08182979372575,5217.156809752651
Gentoo,Biscoe,FEMALE,47.04457240885329,19.205170970911666,208.50033506387956,5327.457318170985
Gentoo,Dream,FEMALE,47.970761896441125,18.289780055506654,182.83196662557168,3941.5482920004247
Gentoo,Biscoe,FEMALE,38.31103458891204,18.26215337111898,200.31717744752297,3888.2951534067774
Gentoo,Biscoe,MALE,41.54804999270435,16.33615902181639,199.19358001572587,3943.457270097489
Adelie,Biscoe,MALE,50.591036975286016,13.001252407696912,197.43841403483094,4157.983179960023
Gentoo,Dream,FEMALE,43.81216908098616,14.69307307668694,194.47768783681386,4112.234694648794
Gentoo,Biscoe,FEMALE,37.133173545475316,17.573149557056865,183.5394024710418,4275.854117447034
Adelie,Biscoe,MALE,38.846208525133704,16.088303644266794,185.3079254839744,5245.864734950656
Gentoo,Biscoe,MALE,42.64438634189862,16.480097151413744,206.13907762872938,4926.446833482581
Gentoo,Torgersen,FEMALE,46.98512591455056,16.68910521718744,180.96931124012073,3916.548275982515
Chinstrap,Dream,MALE,45.893158532443024,13.453365324012987,185.40172475722306,3959.4550548944785
Gentoo,Biscoe,MALE,49.26168702250476,14.840461248352675,224.33488607280705,5444.266826358621
Adelie,Dream,MALE,51.13505023314161,16.285134598580267,215.12771813217762,3657.9754869042163
Adelie,Dream,FEMALE,41.726384866754216,15.678637358716065,176.9223630775169,3512.47758757386
Adelie,Dream,MALE,50.55003153526067,17.037716720666133,191.21235418887852,3084.836761477436
Chinstrap,Biscoe,MALE,34.94344048202848,14.402972107637698,205.61198298720961,4205.105826518402
Gentoo,Biscoe,FEMALE,50.993552348823066,14.938998473965782,188.0819649092154,2989.4515502251425
Chinstrap,Biscoe,FEMALE,51.873468998352706,18.723599865736183,193.1998992484493,3969.2872143546915
Chinstrap,Biscoe,MALE,34.661196420820765,19.985783682542493,221.90915618551736,3978.342986053607
Chinstrap,Biscoe,FEMALE,48.170018297766006,19.17703973675148,216.16436089017182,3676.580643339723
Chinstrap,Dream,FEMALE,52.331364231238936,16.194497043617858,183.86662585550576,6111.817685776263
Adelie,Biscoe,FEMALE,49.91683084078676,15.193115652794157,189.34360537903004,3289.5549576590115
Chinstrap,Biscoe,FEMALE,39.95021188042176,16.360220303476734,210.4557212413976,3613.44075089307
Adelie,Biscoe,MALE,38.32864852199249,17.890573904995545,224.26360742180583,3487.3902905153736
Adelie,Biscoe,MALE,33.38297499241718,14.038184397715854,193.37960259699528,5476.076997034269
Gentoo,Dream,FEMALE,53.71309020726194,17.570684942182567,196.7316934309905,4614.0806524863165
Chinstrap,Biscoe,MALE,49.117220444490414,13.485726272411537,223.94054327761367,5914.130437483397
Gentoo,Biscoe,MALE,52.448319032279,16.849091054347486,188.05954127972987,4220.190009269039
Chinstrap,Dream,FEMALE,48.861418809181224,14.484038935990512,209.96098659112144,4215.6066136186855
Adelie,Dream,MALE,39.928615504348556,15.089788451869728,192.66856753666508,4564.7595838655425
Gentoo,Biscoe,MALE,46.58586434984346,18.07434645005263,189.45814841301402,3613.3692802849832
Gentoo,Biscoe,MALE,50.21782443631085,16.547920687101527,181.7049081685584,3149.003999324504
Adelie,Biscoe,MALE,35.403708348615716,14.354530591282803,186.57370006528282,4743.604453242068
Adelie,Torgersen,FEMALE,50.68694226937962,18.904514522587526,202.3751547382142,3326.2765721191695
Gentoo,Biscoe,MALE,41.99669162166597,13.163846664469514,190.85617227800316,3003.411104824753
Chinstrap,Biscoe,FEMALE,51.26419408839209,18.691322742269566,196.371143313073,3678.2274523308097
Gentoo,Dream,FEMALE,37.843802194893875,18.654437409498378,212.38849927434416,3344.407311778755
Gentoo,Biscoe,FEMALE,38.31100709454311,13.482976812955082,178.90404035860877,3110.0937321430456
Gentoo,Torgersen,MALE,37.500858062640624,19.17751182076125,198.70372119676924,3840.135304418474
Adelie,Biscoe,MALE,43.23698545147886,21.00858850183087,203.68305665379972,5602.297325801133
Gentoo,Biscoe,FEMALE,39.1183811359322,18.185006447238905,226.46303338287694,4400.913630328532
Adelie,Dream,MALE,36.910413896795845,14.594852200102473,198.12813494423506,3907.3343777466534
Gentoo,Dream,FEMALE,50.74403275644639,18.092967510007174,212.20331471867232,3271.0982855962925
Gentoo,Dream,MALE,46.44813427345841,19.301621558539168,230.76080183757205,5430.836072812529
Gentoo,Dream,FEMALE,47.336431937347534,17.79045988473572,209.09780254144462,3350.811482318605
Adelie,Biscoe,FEMALE,46.29363277291966,17.585142846293635,180.07514825187408,2975.0993466314276
Gentoo,Biscoe,MALE,48.05957225208117,16.866555074369536,198.93039834075395,5520.077799414115
Adelie,Dream,FEMALE,43.65455550561949,15.889737410539304,203.28664088102377,5893.311030924169
Adelie,Dream,FEMALE,50.21904625642554,17.348829081850052,186.6145961087788,3056.4169027775756
Gentoo,Biscoe,MALE,42.651573424593394,17.520728582005216,184.78826822187173,3372.026598219535
Adelie,Dream,MALE,35.13558473745877,14.376675426145955,191.04130194182753,3542.5614810864754
Chinstrap,Biscoe,MALE,46.93265595038026,12.94151003517651,196.16004025282834,3345.5933245831657
Adelie,Dream,MALE,47.34571755322892,18.409370113347567,188.16621596358027,2947.2269219745667
Gentoo,Biscoe,.,45.04483975835359,14.068898660586738,197.90412995780585,4708.801344720933
Adelie,Biscoe,FEMALE,44.71534497434991,16.199104934369803,216.82768003544606,3295.957582170885
Gentoo,Biscoe,MALE,46.25680004588527,13.945531717912802,216.61252208410156,4280.154698105805
Adelie,Dream,MALE,42.33934696623047,19.08563705417582,187.50100295238084,3822.3523922913014
Adelie,Biscoe,MALE,42.78659821444703,16.582921392735482,224.27060116208978,3119.8005316000927
Gentoo,Biscoe,MALE,44.18051890792469,17.824154310414738,195.61199281289512,4590.946322981685
Gentoo,Dream,FEMALE,51.418398871494496,15.529954824926486,187.02360793556394,3232.6000723787474
Adelie,Torgersen,MALE,41.34048255609334,13.096139469471037,216.13060735775483,4016.4785803561535
Chinstrap,Dream,FEMALE,47.7104844062268,19.240002590180985,190.2878035599445,4392.921505567062
Chinstrap,Torgersen,MALE,42.731968418759585,18.34253144532349,231.32451772185317,3643.7586125049475
Chinstrap,Biscoe,FEMALE,47.29547340105222,20.797082809429163,218.85210926031579,3801.797942898984
Gentoo,Torgersen,FEMALE,48.84526762330168,18.971540606842318,204.70187243033783,3207.6458138715
Adelie,Torgersen,MALE,34.14445857784962,19.58939584072242,209.83061755905294,4942.956753191051
Adelie,Torgersen,FEMALE,38.34705284975202,13.897261585827124,214.69880251171028,6142.523469096093
Gentoo,Biscoe,FEMALE,36.667475061578344,15.711216424800085,209.64515872966402,5205.942351678012
Gentoo,Biscoe,FEMALE,46.96500802856922,14.025098937109618,232.49131444484695,5564.55178744941
Gentoo,Biscoe,FEMALE,48.617989852529725,13.75160934910669,190.47507407315953,3927.2116036917314
Adelie,Dream,FEMALE,38.612302272355315,17.10146381192348,181.6394709103654,3888.750037450856
Adelie,Dream,MALE,42.43968446808637,14.463409954979593,181.08701753848973,4047.360071801093
Adelie,Biscoe,FEMALE,41.982860914950194,15.956227980718428,168.13524411148245,4907.664764148271
Adelie,Dream,MALE,48.14728719042858,21.681411125003475,212.49326197606217,4315.017580720461
Adelie,Biscoe,FEMALE,59.03072432895812,18.73035301873879,195.056833615525,4348.632241590755
Adelie,Dream,MALE,46.23725467383115,19.095952277446166,210.76795080575693,3170.942078782251
Adelie,Biscoe,FEMALE,37.49936940471272,20.23433647484853,194.3559642016091,4209.076152850064
Gentoo,Dream,MALE,32.50213105047057,16.745868568649666,202.75156821069035,3892.2827693738545
Adelie,Dream,FEMALE,41.34657500947654,18.31225124818436,214.81205714889325,3567.0196979808857
Gentoo,Biscoe,MALE,36.51122272850155,12.764821636237127,187.93313471430017,4105.721905383702
Chinstrap,Biscoe,MALE,47.846970308678806,15.159963671203192,189.4398845028529,3571.7164312950404
Adelie,Torgersen,MALE,43.21719950091896,14.548861995751022,227.86892453580654,3390.774679079723
Chinstrap,Torgersen,MALE,48.99687881258795,19.580889271239638,219.50698532728003,4069.6680941332183
Gentoo,Torgersen,MALE,46.926092108870606,15.780159915069593,190.72672984876837,3737.137679711466
Gentoo,Biscoe,FEMALE,46.659995618898854,18.93671858399272,213.37807146670343,3932.8000261370626
Chinstrap,Biscoe,MALE,38.073011519404375,17.318140270769277,199.0833996646014,3849.621841088021
Adelie,Biscoe,FEMALE,46.27259778418023,14.097054301350886,186.2456089183542,3549.418125504656
Gentoo,Dream,MALE,39.526125042595524,18.231448121066315,198.80528043425963,4480.1297084436055
Gentoo,Biscoe,FEMALE,37.89504225728958,16.689751988405998,185.43799910225405,5415.107385426603
Adelie,Dream,MALE,49.9046793585754,13.56258305393463,187.88276911011832,4569.3242003031555
Adelie,Torgersen,MALE,38.42746558153505,17.566002472987662,198.76926316097254,3329.3930361830894
Gentoo,Dream,MALE,37.82740409210908,18.619611509798798,196.08943073697273,5305.981663950467
Adelie,Biscoe,FEMALE,40.78502228940119,17.408703374787173,183.7946160006922,4166.650250466493
Gentoo,Torgersen,MALE,52.380793264000204,13.058227254297426,178.5312552960096,3610.2966270662046
Gentoo,Biscoe,MALE,43.12007670657962,16.38872455325471,212.18744148880975,3168.1146122396854
Chinstrap,Biscoe,MALE,44.101160484070526,19.559716440372636,197.66789817268327,2912.390061707643
Chinstrap,Torgersen,FEMALE,35.8626573076261,14.809781776400468,210.52499714547207,3356.914814795404
Gentoo,Biscoe,FEMALE,39.509354789867494,19.190772580066106,199.9155590932071,3977.3479194922734
Adelie,Dream,FEMALE,51.35168213535153,20.06533436613846,207.83112090075355,2725.4837385929313
Gentoo,Biscoe,MALE,49.18387818413784,16.95487919131638,198.49724687772874,3365.9568286507747
Gentoo,Dream,MALE,47.317392130553,18.84517684615533,181.8001729929596,5201.73217360217
Gentoo,Biscoe,MALE,36.856688908872194,17.767898453960626,196.88872627802283,5077.884186995254
Chinstrap,Biscoe,FEMALE,38.025478289152005,19.58398147900116,177.46064383213775,4498.442858794425
Adelie,Biscoe,MALE,52.134353512286715,14.616345710989474,181.197156455015,3440.9353801196603
Chinstrap,Biscoe,FEMALE,40.02809213653613,14.625605660582252,205.8686939437577,5766.18770362744
Adelie,Biscoe,MALE,31.791555971682808,17.309141732058208,198.86076477413192,3384.403383103031
Gentoo,Biscoe,FEMALE,41.450195598761326,19.06995480952843,214.10575789555253,5904.717197529677
Chinstrap,Biscoe,MALE,51.36805634892013,15.299148898890355,217.61385766610357,3148.4196312746167
Gentoo,Biscoe,FEMALE,39.804994349224735,14.981994232698352,198.40377412438832,4118.502727710572
Chinstrap,Dream,FEMALE,33.23296828044652,17.248990083695485,199.08403034706222,5429.322698667343
Chinstrap,Biscoe,FEMALE,41.10905503472154,15.153863539906867,186.50532755191708,3979.5802340590394
Gentoo,Biscoe,MALE,36.2568842233388,20.310126656842552,197.45581087356865,4673.987789117838
Chinstrap,Dream,MALE,43.910291140266274,15.22835676678596,186.10759711735366,4210.461055901859
Gentoo,Dream,MALE,53.58986685709961,17.22240599053843,197.06155233390402,3564.9699210992994
Chinstrap,Biscoe,FEMALE,44.364386264698155,15.737886473745874,222.7763599365651,4889.037989706223
Adelie,Torgersen,MALE,49.03840099129694,14.616290096241892,190.27129449953054,2946.539248943438
Adelie,Biscoe,FEMALE,44.659149882275905,12.75876764936774,195.74249624839533,3864.1773626310714
Gentoo,Biscoe,MALE,41.01901739124544,12.784925200271406,189.62608799837218,5008.51325156477
Chinstrap,Dream,MALE,48.71443287933727,18.066245226486604,194.49049323420635,4801.292058320612
Adelie,Dream,FEMALE,52.14070804333224,13.429917221908354,196.98686161761856,3382.993361042523
Adelie,Biscoe,FEMALE,35.69574814174286,18.87767841820253,193.2656832009158,4191.310730160753
Gentoo,Dream,MALE,52.18775809861608,18.65018946733067,218.29508914242754,2656.229109324487
Adelie,Torgersen,MALE,49.21228045531812,18.23081995609035,181.62340672894257,4649.950144025969
Adelie,Dream,FEMALE,31.69530493998408,18.050721768348048,218.91972082245255,3435.494257346916
Adelie,Torgersen,FEMALE,47.77578844148511,18.366742721727746,215.5673349047956,4481.5918162948465
Gentoo,Dream,FEMALE,46.651093392383586,16.96801046512587,212.51554894482564,5770.53765206823
Adelie,Torgersen,MALE,39.060948324301734,15.064257151754067,193.59606358766538,3646.4724852287
Adelie,Dream,FEMALE,33.5675353432759,18.367219110644076,184.7346377745485,3143.4437762193184
Gentoo,Biscoe,FEMALE,34.86124585230699,18.951776627308274,197.41745091458137,3874.5782821325333
Chinstrap,Torgersen,FEMALE,38.65623596667903,14.13358123727672,222.08563633959952,4502.645165280174
Gentoo,Torgersen,MALE,48.56588905735815,18.96142248587918,188.1560483132626,2869.05979501396
Gentoo,Biscoe,MALE,50.59601443172837,17.295790334133198,185.12019283885948,3066.2428392478705
Adelie,Dream,FEMALE,47.190440975055296,19.09803627723206,235.1852076638846,3927.627661834404
Chinstrap,Dream,FEMALE,45.23087368265014,20.533232090680702,187.47350140179316,2673.06098572496
Gentoo,Biscoe,FEMALE,52.15974543406254,17.171599341744965,183.79791988393512,4085.970559374677
Gentoo,Biscoe,FEMALE,46.812872993969435,17.57115858312521,192.36861087671082,6041.813390077553
Gentoo,Biscoe,FEMALE,54.0179570078181,16.212105955837874,195.95867773918343,3509.2376065967774
Adelie,Biscoe,FEMALE,42.16304505561319,18.6287026980773,213.005511797764,2828.503343854421
Chinstrap,Torgersen,FEMALE,39.97435492000729,16.315314264348384,189.90385839875074,3634.4723867989455
Adelie,Biscoe,FEMALE,43.61798355612479,16.75452857618678,186.3283909955808,4725.602189567138
Chinstrap,Dream,FEMALE,46.32849368707156,19.95754938524368,178.32085112842205,5896.358573642644
Chinstrap,Biscoe,FEMALE,47.468699173869,16.047349219854084,207.5249091898541,4854.220788031582
Adelie,Biscoe,MALE,43.06267022681497,16.806364532552397,198.05797692808707,4491.318228065478
Adelie,Dream,FEMALE,46.32650874891496,13.432066957790912,230.8693807470568,3330.9170367007914
Adelie,Biscoe,MALE,39.66392961319677,14.229584177790178,187.20925489434325,3900.5500817611373
Gentoo,Dream,FEMALE,47.06311157074404,17.294632173121787,190.30959667774798,2689.841816208102
Chinstrap,Biscoe,MALE,39.79688622041304,13.41020279881,170.9845908947628,3617.7774484842475
Adelie,Dream,FEMALE,41.55547652743216,17.079049892976375,208.20117541147812,3163.296219538248
Adelie,Biscoe,FEMALE,45.611551199419274,18.43334134027219,185.46453946827427,4057.020904942646
Adelie,Biscoe,MALE,45.831876807644406,20.13556853799112,190.024318736618,3810.805037559233
Adelie,Biscoe,FEMALE,47.89718612676197,16.461793959039674,202.80413588175296,4940.280185105987
Adelie,Dream,MALE,36.917012462662896,17.409704132776348,195.99613826033928,4098.690491459526
Adelie,Torgersen,MALE,44.08312206599584,13.616852199955584,228.7055956649207,3567.3664046986805
Chinstrap,Biscoe,MALE,42.42054248801324,15.94965159956424,197.04899082222735,3522.4256851585287
Adelie,Dream,FEMALE,38.53873433504511,13.102490008320443,216.7687862028907,5618.5923499344435
Chinstrap,Biscoe,FEMALE,36.88150351206664,15.485640709148662,207.6990795386008,3828.0011135089726
Chinstrap,Biscoe,MALE,41.97643629630194,13.776827087268568,222.20905563178576,4787.938052745161
Adelie,Biscoe,MALE,39.447709994247134,17.20536883803607,196.3947000528188,4807.232061845112
Adelie,Dream,MALE,36.18829153848023,13.580598277604249,176.97008738201782,3336.5844082623194
Gentoo,Biscoe,MALE,36.18497093408326,16.436979540359978,219.66103782714384,3651.3702469158793
Adelie,Dream,FEMALE,49.45088474243799,16.374390354951544,194.06612977622277,3617.782433595957
Chinstrap,Dream,MALE,42.16308238367823,16.36267792812196,218.64510579577473,3811.4180998957668
Gentoo,Torgersen,FEMALE,45.253607500671656,14.383274390759546,227.23836507347667,3278.175662474847
Gentoo,Biscoe,MALE,50.41660786005384,13.52655967218271,232.09022176013224,3735.6983376532335
Chinstrap,Biscoe,FEMALE,37.8182790336189,20.94048810639977,205.66610096956074,3373.6450092620307
Chinstrap,Dream,FEMALE,52.023695033714496,18.13494621838905,179.42597303764597,3685.498070582837
Chinstrap,Dream,MALE,41.254732146588964,16.379627818914077,212.87994899951912,4248.218168579531
Gentoo,Torgersen,FEMALE,49.038958353118666,17.40593698604009,197.90163455531692,5809.807490191997
Adelie,Dream,MALE,46.09098157846682,17.667967863073212,218.9468996315095,5914.908436711165
Chinstrap,Biscoe,FEMALE,46.51750992077392,16.288592854131185,180.20618707440784,6036.62924049671
Gentoo,Biscoe,MALE,39.1297064746437,19.70809498976822,220.13858855429453,3743.4331053019855
Adelie,Torgersen,MALE,45.505836897952925,18.33686708431937,200.0075805778892,5315.137113931415
Adelie,Biscoe,FEMALE,34.339700143667926,18.52187353511424,190.53480971921678,4855.31090634776
Adelie,Biscoe,FEMALE,36.59126889336138,14.398364123384296,205.1577492697584,3396.692253510988
Gentoo,Dream,MALE,42.1316843847412,17.49278284720331,211.01336535887157,2882.3054059137153
Adelie,Torgersen,FEMALE,48.548421486950076,16.09623183850989,197.41797568328028,3817.391746329665
Adelie,Biscoe,MALE,42.27530169824631,13.296466969098164,188.50844778195005,5690.965008017965
Gentoo,Torgersen,MALE,37.85753822521304,20.713339433618692,196.6533658853088,2838.358420817434
Adelie,Dream,MALE,51.79052693148879,18.475575834180564,208.76280035157552,3364.0139656267943
Chinstrap,Dream,FEMALE,43.321764322995485,15.05339546021944,182.22702175334118,3572.719448089429
Adelie,Biscoe,MALE,53.59029404160863,17.926317832730867,201.505432649687,3943.095868310244
Adelie,Dream,FEMALE,33.78837284505529,20.505512004594163,190.42151831593554,3902.7961027313017
Adelie,Dream,MALE,51.81823615831153,19.43232800026618,215.8626100743137,2311.4755128378515
Adelie,Dream,MALE,52.03354769658799,17.62474289301528,180.33095287215653,4875.476102909076
Adelie,Biscoe,MALE,48.62948202347221,16.71272380563668,195.9766753712901,4957.258405334915
Gentoo,Dream,MALE,34.9713336201128,15.182294790822446,229.87793487726537,4340.618305969474
Adelie,Biscoe,MALE,46.37355918332785,18.44034243381191,205.844537557677,5618.926304193146
Gentoo,Dream,MALE,45.56256844854985,15.438082585574715,191.8416487177603,4205.904427651045
Adelie,Biscoe,FEMALE,37.65108054575757,15.577433999981844,194.27632570028146,3869.006208285674
Gentoo,Dream,FEMALE,34.36720352479904,19.798659916916233,199.92017997681452,4154.290464234365
Gentoo,Dream,FEMALE,35.172732755135726,14.882264180979387,210.25810230183538,4672.237237878494
Gentoo,Dream,MALE,51.14456673769721,19.528864466390566,196.18708963834388,4291.038615165393
Gentoo,Dream,MALE,43.50241552908382,18.57234199875985,186.10329992008255,4091.4244372272356
Gentoo,Biscoe,MALE,33.732552663810516,17.946137525145037,204.51657628478617,4525.021816202205
Adelie,Biscoe,FEMALE,41.705127327580364,19.292181624520644,213.0293662906942,3341.635629096013
Adelie,Dream,MALE,32.52189847193178,18.076216328684485,195.1323850403075,4059.496528940436
Gentoo,Dream,MALE,48.538471485004536,13.872669859032895,186.1474583827877,3306.383311759253
Adelie,Biscoe,FEMALE,44.25003052648308,17.228954819212706,223.06612685890823,2580.6856263452028
Adelie,Biscoe,FEMALE,42.51506737459142,19.00079182624842,192.3259661221324,5533.872435381757
Adelie,Biscoe,FEMALE,53.04150074019969,17.05455776738834,197.9105358129595,3043.7649803549575
Gentoo,Dream,FEMALE,52.18019164671234,16.576579870642203,219.56397515350767,2624.24334982714
Adelie,Biscoe,MALE,48.00281598526292,17.137628851025177,205.3240787934121,4841.865223006931
Chinstrap,Biscoe,FEMALE,45.68460476615056,13.471278476314628,229.9900252158081,3360.9381089006574
Adelie,Dream,FEMALE,36.91542314048925,14.007826036807266,189.4315799138431,5180.595586015431
Adelie,Biscoe,FEMALE,49.760098002422424,18.003984449771743,186.86630225715385,5459.180262785303
Adelie,Biscoe,FEMALE,50.738146501131105,20.72467242420859,202.9882957275749,4212.35056366151
Gentoo,Dream,FEMALE,49.12408490466232,22.05414200593451,189.92666842184914,2744.3315062820748
Chinstrap,Dream,MALE,45.36606930079582,15.144939512721209,227.12533096210817,3271.393032290153
Adelie,Biscoe,MALE,50.40935768786447,13.124516357196438,211.9930650301617,4342.738509733073
Adelie,Biscoe,FEMALE,42.01365312749282,14.108363450269021,197.75593889122013,3358.8991448699994
Adelie,Torgersen,FEMALE,54.40449813398911,17.90702054705406,201.75031705502664,3391.9119361807666
Adelie,Biscoe,MALE,43.49582264350897,17.13232040829368,190.75880069740975,6003.360712817692
Adelie,Biscoe,MALE,40.78836858301645,14.282990180992993,219.96123233031122,4759.950705359583
Gentoo,Biscoe,MALE,39.57144189168684,17.785483578424866,188.47140731546097,4577.651654989103
Adelie,Dream,FEMALE,46.0420093994086,14.705708737173472,178.78322846165017,3461.753716933403
Chinstrap,Torgersen,FEMALE,35.57475559339386,18.795155600883383,203.87732050341444,4681.223338062793
Adelie,Biscoe,MALE,40.1518206140673,19.8048235055628,196.27406010214446,3550.8872995804722
Gentoo,Dream,MALE,47.45420618236126,16.78894298386883,208.67400527579446,4421.455076482624
Adelie,Biscoe,MALE,41.119205776269844,21.403216144348388,182.32342209054804,2798.2846378428294
Adelie,Torgersen,FEMALE,48.40844187823785,18.476725382173182,180.29211888047092,5417.988272948399
Gentoo,Dream,FEMALE,45.90196115246184,18.79941500240589,189.09778992094127,4083.6155600487523
Adelie,Biscoe,MALE,43.57785089742498,16.82558458215463,179.6924557578789,3063.715070780991
Gentoo,Biscoe,MALE,44.136376696858534,16.278586906361383,188.93159435595248,5531.209796861785
Gentoo,Dream,MALE,40.60906675999138,20.402726997436428,190.55227684895507,3915.975694675345
Chinstrap,Torgersen,MALE,46.42042122121409,17.98338677919268,229.16528851478336,5118.352074728154
Adelie,Biscoe,FEMALE,49.6084533747365,16.841152833901962,197.34608281725775,3215.820072269672
Gentoo,Biscoe,MALE,35.86939538285507,12.768395976617024,186.41745557204263,5972.055572045987
Chinstrap,Dream,FEMALE,39.16506853674182,20.22691916902225,219.50438060413467,4665.743934789352
Adelie,Dream,MALE,38.76867649960864,13.671381531572527,215.5616888530767,5810.852315308591
Chinstrap,Dream,FEMALE,43.56245098971105,16.646760549622215,205.03284273516854,2822.090919686658
Adelie,Biscoe,MALE,43.55239060082668,17.39211741000291,196.75937618753576,5004.744224667469
Adelie,Biscoe,MALE,39.433503701574296,14.469470529067156,202.87451908001447,3649.4272869048796
Adelie,Dream,FEMALE,34.74090325507514,15.333901539662971,186.39349018869171,3074.7729084995926
Chinstrap,Dream,FEMALE,41.488031972874694,14.841062042726696,207.41635918886138,3641.797860101733
Gentoo,Dream,MALE,40.8595026682024,14.708431756826341,196.6564278690067,5637.152399199956
Chinstrap,Dream,MALE,46.79107677543314,18.106455129155826,205.21976624050097,5191.39628722671
Gentoo,Biscoe,MALE,49.20618074972453,13.72887473079156,194.9524499329433,3564.952876538362
Adelie,Biscoe,MALE,42.187180017458,13.70726565539541,213.54817387785835,3282.6788283906394
Gentoo,Biscoe,MALE,47.15340556758086,13.517971989945105,206.33060867049738,3964.20697883727
Adelie,Torgersen,FEMALE,51.98601178881002,19.025682538138064,199.74346301386555,3623.900856130904
Adelie,Dream,FEMALE,50.68131071003167,15.78511302628832,203.00653416194473,3133.6623271515423
Gentoo,Biscoe,FEMALE,49.00996389527449,14.685775152382636,174.993255665603,3368.3602746574143
Adelie,Biscoe,MALE,52.979725511290326,18.213343560774888,206.56443310082125,3706.2193880599025
Adelie,Dream,FEMALE,40.13722548612146,13.48430254190509,209.32676609117522,4635.683172368775
Gentoo,Biscoe,FEMALE,50.04879591193739,17.21018030104553,196.68878790425458,5076.968614977906
Adelie,Biscoe,FEMALE,48.348028870846264,17.619084671560135,219.52903361572487,5611.377432012835
Adelie,Biscoe,MALE,41.56432894864474,13.84660758757652,198.82549689349517,4934.40732128451
Adelie,Biscoe,FEMALE,43.66141179633929,15.410862059720147,189.27367775701393,5598.1357169055145
Chinstrap,Dream,FEMALE,45.0806850956977,20.060819981135104,192.01827726032522,4066.381058441668
Adelie,Biscoe,MALE,52.56318838728293,20.981482856016218,215.44358577687075,3789.0339669156497
Gentoo,Biscoe,FEMALE,55.05094293207938,18.273184830140845,196.06920257315895,3817.2882362625814
Gentoo,Biscoe,MALE,41.80104929848853,14.118515211911417,224.19724442547752,3922.4080271770695
Adelie,Dream,FEMALE,55.24328674412555,17.121458153414654,214.44783246497545,3578.638729792234
Adelie,Torgersen,MALE,50.68929724956728,20.30460854682018,202.2485010046623,3576.8199230630485
Gentoo,Biscoe,MALE,47.160071561051474,18.690931342446735,192.7489080477027,3395.0598214182783
Chinstrap,Biscoe,MALE,46.398079068656386,15.01016008710615,199.25986487182215,4705.435555150482
Chinstrap,Dream,MALE,38.042890725266425,20.674721146699873,207.79835337219887,3298.375309451064
Chinstrap,Biscoe,MALE,58.72836786202826,15.346213766609717,196.43175176948768,3622.3199932913703
Adelie,Biscoe,MALE,37.02356646453703,16.318498816647022,198.61154641247953,4443.5783661773985
Adelie,Dream,FEMALE,35.64890703333484,19.738441145782662,193.1730473575285,3474.0080346350696
Gentoo,Biscoe,FEMALE,38.92881384512299,13.864703392763179,179.65868040222455,2908.327255203239
Adelie,Biscoe,MALE,36.936565672153854,15.346953431168199,235.40018029148249,4465.311853511178
Gentoo,Biscoe,FEMALE,37.590639123630474,17.28238066208125,187.113907867342,5252.741793947633
Adelie,Torgersen,FEMALE,42.418737225652535,14.589948910241668,218.70343309169309,4560.210198737684
Adelie,Torgersen,MALE,40.89309813534854,14.552128276383888,189.60886740712337,3168.3384154157197
Gentoo,Dream,MALE,47.51928923305077,16.09401431987691,196.05623860652796,3459.4563260205214
Chinstrap,Biscoe,FEMALE,46.91445045648705,19.56948784018682,200.5151309329627,3465.108076337509
Chinstrap,Dream,MALE,44.35306534231768,18.998668575730477,186.39315735234584,5239.957305546575
Adelie,Dream,FEMALE,34.6481015512343,14.265882510975864,209.7626512365165,4176.113860023016
Chinstrap,Biscoe,FEMALE,47.66665900646743,16.851648435908718,195.61878049618602,4489.0558422092945
Adelie,Biscoe,FEMALE,45.70434201373039,18.02138390419298,181.87086227162084,3786.624578586374
Gentoo,Dream,FEMALE,50.44768515225668,14.227914715146603,226.35157923884586,4471.681403529157
Adelie,Biscoe,FEMALE,50.224490253852935,19.35552467343427,190.60056714845535,5397.528570577504
Gentoo,Dream,FEMALE,41.14884784871246,14.029891180996547,187.49162740683667,3139.5619983871966
Chinstrap,Biscoe,FEMALE,45.88132237243821,13.586397905223514,181.62555013157058,4093.839499458727
Adelie,Biscoe,FEMALE,47.13751657313251,14.652288546570842,180.27878387536654,3678.3749239831845
Adelie,Dream,FEMALE,39.73952185738844,14.062135910733264,189.15732714394525,3928.3856488201127
Chinstrap,Biscoe,MALE,37.482872378544485,17.159329290723825,181.53691828903965,3117.4858869307523
Chinstrap,Dream,FEMALE,45.707312088411136,16.51693702889053,183.61920596025564,6056.120047296764
Gentoo,Biscoe,FEMALE,51.928863057409664,14.770720769215323,204.75168298731148,4750.403194850089
Adelie,Dream,FEMALE,50.33848719766059,15.186774151397422,218.10534945078894,4803.489983027966
Chinstrap,Dream,FEMALE,49.66326263288106,17.3258569232828,207.6640651458188,2968.7629608131992
Adelie,Biscoe,FEMALE,34.95142194774557,13.665260807518226,191.05080616760267,3877.3774454829645
Adelie,Biscoe,MALE,46.50674301190363,15.15616024382116,216.92608639791956,5512.76131361985
Adelie,Biscoe,MALE,39.6206348933487,15.765810804905906,204.42129957195246,3891.63617466834
Gentoo,Dream,FEMALE,33.7786794632436,13.94707386456833,195.48876148294462,3566.394599051766
Chinstrap,Torgersen,FEMALE,39.40190032238158,18.68662482214902,217.6397239721808,4159.8414333000865
Gentoo,Dream,MALE,43.221197001083944,19.184404668423788,190.6380163971742,3700.476514917111
Adelie,Dream,FEMALE,36.31479356672673,20.14543893339735,182.5134963801183,4386.757214124309
Adelie,Dream,MALE,43.78711297851405,18.885716899999768,222.78014431123287,4971.19733130277
Adelie,Dream,MALE,36.99837055863479,18.210412157731255,200.34343594364432,3474.274624284739
Chinstrap,Biscoe,FEMALE,50.21787953384871,17.090655776111543,195.72424959735514,5539.717025807957
Chinstrap,Dream,MALE,41.39980937019995,17.318657481590645,217.091083436235,3958.5892798145387
Gentoo,Biscoe,MALE,45.17042648957653,18.584097767786773,208.74661099724273,5772.729783201214
Gentoo,Dream,FEMALE,49.663238311516515,19.972625602243564,202.91047082677306,5131.034366645443
Adelie,Biscoe,MALE,39.526691209318535,14.497309560835486,192.10643383114532,3768.4812492024403
Adelie,Dream,MALE,53.41256989880819,18.006504377762095,191.24154859439236,3536.1187333263415
Adelie,Biscoe,MALE,52.59613340251151,14.61564366363725,188.33463909146099,4608.494722821634
Adelie,Dream,FEMALE,51.48994732279152,13.554364464888973,185.72096284664767,5068.400667604056
Adelie,Dream,MALE,60.44248840254091,15.38450586226929,217.80959663695631,5715.895418695015
Adelie,Biscoe,MALE,51.09432665284267,20.138536017403148,225.19297166080287,3510.56861177824
Chinstrap,Biscoe,MALE,43.5987956859855,17.422262829442275,217.51412509087388,4215.5331187614165
Gentoo,Biscoe,FEMALE,55.37926633108283,17.689034871031275,194.76339351968616,4019.9026138452773
Adelie,Biscoe,MALE,48.56469523829153,18.13488025392532,201.85672315959127,4263.005457392437
Gentoo,Biscoe,MALE,50.24696056220853,17.309001985852117,187.90909803628588,4832.404762583679
Adelie,Dream,MALE,43.541688299225456,20.685621351349315,196.78200969108232,3648.055220713884
Adelie,Biscoe,MALE,33.73377922239578,19.013263419463588,199.53878218154983,4229.271685785114
Adelie,Dream,FEMALE,47.99631009306558,13.551773539396871,171.3379449598069,4083.9342535959
Chinstrap,Dream,MALE,44.446868014636216,16.643743102102473,189.05331967047724,4283.887095453929
Adelie,Dream,MALE,48.72461503040282,15.084250507224409,202.1418396880346,3464.4813404976317
Gentoo,Dream,FEMALE,41.90435882775634,14.175372738249585,194.94953995518804,3578.488423406255
Adelie,Biscoe,FEMALE,44.530152498674454,13.693063936893694,172.58791104019852,2893.7691686830776
Chinstrap,Biscoe,MALE,47.64775788804314,17.306170303209697,191.1605181535672,4732.438278065443
Chinstrap,Biscoe,FEMALE,37.43202322753779,16.610304243354395,204.90173377363263,3010.0506690937314
Gentoo,Dream,FEMALE,49.77556634553212,15.967242736453999,191.75178704309482,4004.5045079543534
Adelie,Biscoe,FEMALE,35.529689989157504,15.815194971102734,191.83062579486042,3213.552397616023
Adelie,Biscoe,MALE,36.91788485874429,13.56190378725951,184.28210017225751,4230.719961231581
Adelie,Dream,MALE,42.17928253602253,19.31059174520611,224.38352779626814,4008.650005065346
Adelie,Biscoe,MALE,53.75905839543065,18.86798247920334,191.21041184836133,4693.760312783831
Gentoo,Biscoe,MALE,37.96303238359874,13.605548324873578,208.41348016327083,3633.5668619457842
Adelie,Torgersen,MALE,47.82391244646093,14.9476518536728,208.47517853647736,5489.857715458513
Gentoo,Torgersen,FEMALE,46.83152961320014,17.012680560982826,194.99054794122583,3474.0971922538392
Adelie,Dream,MALE,52.42537669276315,17.29540653726591,230.07295886012741,4792.748851086862
Gentoo,Biscoe,FEMALE,41.8156080465244,18.679068724732634,232.37921404575243,4746.198698574453
Gentoo,Biscoe,FEMALE,47.07810687666028,18.500783784346506,199.70085432218588,3659.4816063399485
Chinstrap,Dream,MALE,43.993775243155106,14.282957318471466,194.67063230312615,3582.3202085375365
Gentoo,Dream,MALE,47.669276949414574,20.078499099651015,214.2514958881966,5975.335928779879
Gentoo,Biscoe,MALE,40.519128919577874,14.522144993675054,191.73548929882193,3105.014902552182
Gentoo,Dream,MALE,41.21681585786076,13.626079906967295,191.6618417661658,2857.8089196613105
Adelie,Dream,MALE,36.13393992925112,17.946496245510847,196.65540771263957,4082.2169154920184
Adelie,Biscoe,FEMALE,35.48193167140099,15.576916124241318,177.8063129740262,3590.6970544023975
Gentoo,Biscoe,MALE,48.671344638790735,17.823164273309498,193.14863913423778,3503.961443963765
Adelie,Torgersen,MALE,40.35545149860793,17.375080392361294,172.35918111004557,3428.9452465962127
Gentoo,Dream,MALE,39.880144407141856,15.253449713528846,217.1278654987577,4004.786773532093
Adelie,Biscoe,MALE,42.72555747433704,16.885988232409808,192.50512046882432,3025.842225096267
Chinstrap,Dream,FEMALE,47.901992888123004,21.663831035226675,213.9396397611693,3449.7685311192326
Gentoo,Biscoe,MALE,36.67447231904714,17.91652995761202,197.83502563596872,6115.1315164149655
Adelie,Dream,MALE,52.164302230192675,18.300483557378335,210.91584975683924,3916.2034924945096
Adelie,Biscoe,FEMALE,40.29132607337969,17.21765649901202,193.39459891480496,4654.820779208369
Adelie,Biscoe,MALE,35.29107331403927,20.610044824691336,189.52291545477948,3185.743100431769
Gentoo,Biscoe,FEMALE,43.46298551654945,18.32582000728058,198.71190864804203,5711.547792137026
Gentoo,Biscoe,MALE,46.70922483209871,16.1943454335584,223.76521390805314,2454.8003159456207
Adelie,Dream,FEMALE,38.74844887390682,18.40442450241709,200.0621997277121,5739.185596986256
Gentoo,Torgersen,FEMALE,45.39101169268804,17.273331532776094,182.50128464239356,3738.601829482791
Gentoo,Biscoe,MALE,44.88775036071905,14.828417797077329,185.95558238410723,4227.333131214802
Adelie,Biscoe,MALE,34.18632717057889,17.221178419156736,183.40208241203092,3709.539265116755
Adelie,Dream,MALE,53.86087752922956,16.998823899093484,199.59422391710612,3600.837702846748
Chinstrap,Biscoe,MALE,37.854483682132795,12.491286675860193,210.7737374789259,4629.402313974739
Adelie,Biscoe,FEMALE,50.88199683277347,19.25934356901064,178.7893146344589,3542.5420811281756
Adelie,Biscoe,MALE,43.222854336866355,16.642430925642753,213.84684528646153,4882.040062296309
Adelie,Biscoe,MALE,34.293016238285325,17.159229320688123,184.33996835175913,4501.045166736941
Adelie,Biscoe,FEMALE,34.102523840110045,17.402360060180776,197.79193228454483,4135.47896699709
Adelie,Dream,FEMALE,50.91340675583528,16.900340966596268,211.82116574493915,4911.271804835132
Adelie,Biscoe,FEMALE,46.41388632700945,16.86090706970286,208.23740241073028,3493.6586917297313
Adelie,Dream,FEMALE,39.374527907051146,17.931793238915876,205.4948269881163,3824.4454497026513
Gentoo,Biscoe,FEMALE,45.04405183068872,17.863254728667982,200.04081207135496,2054.2620086981337
Gentoo,Dream,MALE,36.42069152744307,17.0914060988101,195.98094363123727,4366.236743520221
Adelie,Biscoe,MALE,39.419372058332065,16.908856568792796,182.60109017154804,5235.344466858727
Gentoo,Dream,FEMALE,49.490683458967204,19.388554191259697,179.0398489286759,4052.2699566923475
Adelie,Biscoe,MALE,51.61540008646278,16.89497318221778,184.91232139647997,3410.456490438725
Chinstrap,Dream,MALE,36.60614290228968,20.726462551160864,223.56298342236525,4289.0733637883795
Adelie,Biscoe,MALE,37.071644480159,18.214266503769444,186.24599255625773,3580.9252636896285
Gentoo,Biscoe,MALE,36.82446528673122,13.513416863683904,220.72632883465937,3793.077420173997
Gentoo,Biscoe,MALE,60.49150590406418,15.479993178365758,197.63985210371285,4561.711619124829
Adelie,Dream,FEMALE,51.82018151775672,15.682590683722452,183.9312779361722,4778.6624351865585
Chinstrap,Biscoe,FEMALE,40.863946242637454,18.594593661602236,187.43880853768437,3710.8717936282
Gentoo,Biscoe,MALE,51.77682474959054,16.208328097388296,209.15118262601493,3596.8034214522268
Adelie,Torgersen,FEMALE,50.24724342999559,17.341166842336794,189.29011043776254,3876.5782114829544
Gentoo,Biscoe,FEMALE,47.74354440899797,16.18523331062869,205.40658176859546,4283.006890995795
Gentoo,Biscoe,MALE,35.361787019913564,16.857063826725796,189.41158120771033,4122.302864220956
Chinstrap,Biscoe,FEMALE,47.393935939746285,13.465679839017676,203.48633232611633,4781.2304117150625
Gentoo,Torgersen,FEMALE,38.352315213214816,17.39752300128392,190.7547622072771,5244.536583963691
Adelie,Torgersen,FEMALE,42.82379635493509,19.30863272632923,205.60449489397425,3736.0498501143948
Chinstrap,Biscoe,MALE,40.561682201502876,19.383048616015312,213.89367529654317,4875.123410483671
Chinstrap,Torgersen,MALE,55.372979269529814,16.073412402223937,215.97481869689398,5057.336808552412
Gentoo,Dream,FEMALE,37.01699010067559,16.227782201531685,199.51309686472473,4699.096638735205
Gentoo,Dream,FEMALE,48.73279300735544,18.995219187936534,192.70459649861158,4430.103187732463
Chinstrap,Biscoe,FEMALE,49.36217871144449,19.245159085695832,214.18434191744572,3749.262939914391
Gentoo,Dream,MALE,45.78481484011346,18.18683015677635,191.07807707732442,3551.047543582937
Chinstrap,Dream,FEMALE,41.503371238756564,18.855212506904667,174.23418692293842,3657.259765993217
Gentoo,Biscoe,MALE,48.871678447248335,12.795092393900255,190.06509074923835,4983.766851807428
Gentoo,Torgersen,MALE,45.29120341992328,16.694076323204424,227.71362911518617,4818.409116404739
Gentoo,Dream,MALE,42.92249540612306,17.670084618838587,202.99781940894673,3126.0898265535006
Chinstrap,Biscoe,FEMALE,37.600549049553855,17.578207277603035,195.82766279526317,3854.620633904984
Adelie,Dream,MALE,48.90287575541231,14.671024401258766,224.7266340799117,3357.8168706217466
Gentoo,Dream,MALE,45.44464755870424,16.91751397378552,209.94412736181502,3596.5364162687465
Adelie,Dream,MALE,46.997893055812106,18.973095997582707,184.5127624754187,3522.34526539373
Chinstrap,Dream,MALE,38.642908304348744,14.208762639399453,204.3895889858856,4459.373688476729
Adelie,Dream,FEMALE,42.84933404769839,16.8228376465385,182.62716261524977,4237.86453722277
Chinstrap,Dream,MALE,39.97442765827574,18.1288330613819,185.6792761958192,3845.9853720369547
Chinstrap,Biscoe,FEMALE,44.583915030667626,16.228450739509498,221.19031179275177,5044.957629706001
Adelie,Dream,FEMALE,51.86618823694633,18.265778933465906,189.29807737614325,2764.447807909331
Adelie,Torgersen,FEMALE,42.68145826047274,19.755333136404847,181.9525712596502,4339.876396708587
Gentoo,Biscoe,MALE,36.751043985793466,19.009140163775196,212.2430510651864,4558.267847854113
Gentoo,Biscoe,MALE,35.855837909053164,13.323067194496328,210.3837916117521,3924.1251855694436
Adelie,Biscoe,MALE,59.64698253421458,14.578747503799333,202.4233320235498,4740.591351110107
Chinstrap,Dream,MALE,38.31190775158878,17.497564092539648,208.0730523760463,3076.69096874076
Gentoo,Biscoe,MALE,46.63390122151204,15.700848035632903,232.34381899994972,3565.3750655056515
Gentoo,Torgersen,FEMALE,41.74387026607768,18.289659054601287,180.09377869411492,5413.3848706225435
Adelie,Dream,MALE,53.332291757250466,19.82005150540865,191.5974231388326,4629.303756091035
Chinstrap,Biscoe,MALE,38.62955195533341,15.989449323216265,216.6257739146109,4496.060005560608
Gentoo,Torgersen,MALE,51.25084736595062,16.34703917647063,185.93931416234796,3537.177132972245
Gentoo,Biscoe,FEMALE,54.80126064049347,19.002653255590772,173.57300413314042,4523.46625532763
Adelie,Dream,MALE,39.23117028794291,16.887349667577027,193.1050331707785,3653.74291212941
Adelie,Biscoe,MALE,46.608654493875676,16.210975557164673,211.44890090609158,2955.854566818018
Adelie,Biscoe,MALE,50.542771794969184,20.151879860887377,184.59786043639883,3510.239934224381
Adelie,Torgersen,MALE,38.86443996242968,19.81182460274221,196.86412892361813,4143.737561245432
Adelie,Dream,MALE,33.403352181195125,17.563985054285844,204.94999926919678,4751.808526681836
Adelie,Torgersen,MALE,38.283937258068065,20.799081535670695,187.33868503055461,4500.9061524746885
Adelie,Torgersen,FEMALE,54.311473343599395,18.470013310542488,192.659528891628,5690.959141613149
Adelie,Biscoe,FEMALE,44.408013619468555,17.92214006343098,201.15140610450027,2764.8326971226934
Gentoo,Biscoe,MALE,47.785950581694784,16.28268982040792,208.08654431540174,3985.6727209970295
Adelie,Biscoe,MALE,40.607094263659015,16.882144669061365,204.8196979339143,5339.535066230124
Adelie,Biscoe,FEMALE,41.02984774744584,15.127429851103537,209.56288004817597,3031.7080671735134
Chinstrap,Biscoe,MALE,47.55318346574187,19.025694237561133,190.59488551625725,3273.4471675536433
Chinstrap,Dream,MALE,49.06411753141581,15.168814954795057,178.42586670744092,3863.4742955401834
Gentoo,Dream,FEMALE,48.09694601091423,17.205801965833345,213.61074110988685,3256.2336500248043
Gentoo,Torgersen,MALE,38.20310901574196,19.115709123892984,190.95683889942984,3643.3775892572503
Adelie,Biscoe,MALE,47.031316724590795,16.432810113651076,204.15352802955132,2819.0805642271926
Adelie,Torgersen,MALE,45.909048741854924,16.336275985692485,188.1647961967808,3413.692458061262
Gentoo,Dream,MALE,32.353355182164215,18.737794390476758,221.43750710932207,4099.560985391199
Gentoo,Torgersen,FEMALE,53.94997664037434,14.382162968378246,220.14569797458927,6568.195164746262
Gentoo,Biscoe,MALE,48.36045343285288,15.42994117535033,220.98935809427817,3295.401709790815
Gentoo,Biscoe,MALE,34.42925308513739,18.079426962858854,183.90706564074304,2806.783881783204
Adelie,Dream,MALE,43.9087800326222,13.76701915201538,228.5574395962062,5012.71494748561
Gentoo,Biscoe,FEMALE,43.26945897518373,16.319868550011677,189.77555246537062,5088.595066856678
Chinstrap,Biscoe,MALE,50.99147081124319,17.31265400392805,217.49798333081276,5908.012766608287
Gentoo,Biscoe,MALE,47.77843736527297,17.68660565762029,188.33354596345302,4280.153595360988
Adelie,Dream,MALE,36.14471758739383,21.184168780546194,212.43538443839245,3070.191405543351
Adelie,Biscoe,FEMALE,51.19001303075928,16.347998454338523,200.59584260274022,2696.293090347163
Adelie,Biscoe,FEMALE,47.02447642328468,17.23883348956713,183.8084833250583,4911.735893377317
Gentoo,Dream,MALE,46.122476520278724,19.18605784174552,208.8950140013532,2885.710978272732
Adelie,Biscoe,MALE,50.635223696239116,16.6021657349271,217.7367445238702,3884.0612977740834
Adelie,Biscoe,FEMALE,38.31032814085534,15.953650718698249,178.34432432461105,3452.050998966692
Adelie,Biscoe,MALE,52.082073459606185,18.055816833458124,221.06801430986866,5128.113501897273
Gentoo,Biscoe,MALE,41.62974781213463,18.372575012411694,191.34857223236855,3172.7788119322126
Gentoo,Dream,MALE,47.50153415057387,18.19773223549847,182.41149545537397,3410.9799876151465
Adelie,Dream,FEMALE,49.897532744410405,16.968532524869413,214.7204504285241,3871.528523107225
Adelie,Biscoe,MALE,43.48323922545241,20.126171359162488,212.2696710146299,5708.750781259658
Gentoo,Biscoe,MALE,37.99616734670518,17.95234447791448,195.79198295006967,3522.7445440147276
Adelie,Biscoe,FEMALE,42.8710358066935,19.280094431597014,220.6886170277964,5105.201665611097
Chinstrap,Biscoe,FEMALE,39.4049520895008,17.029532687784187,188.49638385413587,5145.873305842644
Gentoo,Biscoe,MALE,43.52596160228561,19.61191065123557,187.88466744929607,3638.3657416889077
Gentoo,Biscoe,FEMALE,44.64056812157278,18.355425861429172,178.67494778532796,3937.885027813803
Adelie,Biscoe,MALE,34.533540909357434,13.556947070196495,213.92426999442813,3925.108694168748
Gentoo,Dream,MALE,44.898974225642554,17.982273997032184,219.3987562436864,5409.81109810738
Gentoo,Biscoe,FEMALE,38.24603322213773,19.600428665903227,190.99143140551405,4851.229277948611
Gentoo,Biscoe,FEMALE,42.16617019098687,15.254067899092574,219.20580159435792,3532.247855348286
Gentoo,Torgersen,MALE,46.19767160625218,16.54473796535081,209.58675882905197,2940.9361876258854
Gentoo,Dream,MALE,34.9702796525034,17.223436736629946,202.91009275646041,3244.073214104105
Adelie,Dream,MALE,54.71235056665538,16.99948798278781,216.0826181242611,3071.4898988834625
Adelie,Dream,FEMALE,45.944924301303246,17.046749189007592,207.29521261267,3320.246630583748
Gentoo,Torgersen,FEMALE,39.40185394589578,19.32180679642174,188.95484795548253,4728.430382519509
Adelie,Torgersen,FEMALE,49.99002771910589,20.587575723718096,212.49730317739113,3740.716762342753
Adelie,Biscoe,FEMALE,48.127253464327914,16.050342238253624,221.61696139284325,3352.237268574247
Chinstrap,Dream,MALE,48.6559406055267,19.850207357117192,193.13951491001518,3497.783205896754
Adelie,Dream,MALE,50.6192438877405,19.85142459321621,220.89281397758913,4217.550744389655
Gentoo,Torgersen,MALE,37.35838295771295,19.66534554380402,182.1924992238521,3869.127396906617
Adelie,Dream,FEMALE,36.698659088453276,16.770241758500784,191.8919260428073,3939.8993908161156
Adelie,Dream,MALE,51.13284067694556,21.02872951138014,174.18819802810992,3025.7430267468335
Adelie,Torgersen,FEMALE,47.5395372499999,18.320537256213843,191.5609050795007,4272.087600409877
Adelie,Biscoe,MALE,37.06035806963258,16.120948224896278,184.62338855005362,2791.9813824276193
Adelie,Dream,MALE,39.97144225255086,16.621761683530263,222.0125262359031,4175.623697130819
Adelie,Torgersen,MALE,54.72630147898301,17.631698968351998,192.9244088768017,3793.7389619979544
Adelie,Biscoe,MALE,46.8069693923955,13.634626535138416,212.5622907263809,6742.575232380045
Gentoo,Biscoe,MALE,45.50264496655734,19.627724821841305,187.02520730562742,3524.7496545183476
Adelie,Dream,MALE,45.34487198457667,19.033623250895737,176.75436290408518,5552.639105782936
Gentoo,Dream,FEMALE,34.270638275970434,17.81123789740809,221.2241850020659,3792.225734315078
Adelie,Biscoe,FEMALE,53.188602630086905,18.851079053178132,211.9317171408354,4044.5672231504814
